SES_group,bypass_rate,nnhi_mean
LOW,0.725913166,19.55832817
MODERATE,0.749188235,17.29169843
HIGH,0.850773198,17.93066165
