gender,Woman,Man
Mega city,0.544679562,0.455320438
Major city,0.540083215,0.459916785
Medium city,0.532991991,0.467008009
Small city,0.425268428,0.574731572
