gender,Woman,Man
Mega city,0.54668625,0.45331375
Major city,0.540970455,0.459029545
Medium city,0.523078913,0.476921087
Small city,0.448323185,0.551676815
