PrimayAccess,GID
7361.622850321476,630202
4506.458371569913,630203
5717.785817495271,630222
2938.324271761454,630223
9923.176089483102,630224
5632.059701357198,630225
