PrimayAccess,GID
11178.125911895495,650402
1.299413913265872e-33,650421
6057.029187508566,650422
