CITY,Non_bypass,Bypass
Beijing,0.431895529,0.698528499
Shanghai,0.406764278,0.701464089
Shenzhen,0.559321154,0.744894849
Guangzhou,0.583035212,0.866086987
Chengdu,0.601710874,0.864291006
Wuhan,0.588450662,0.827250884
