CITY,Non-bypass,Bypass
Beijing,0.474366295,0.790539893
Shanghai,0.589355852,0.746983398
Guangzhou,0.313317653,0.562001823
Shenzhen,0.146541695,0.284441343
Chengdu,0.031410175,0.321059838
Wuhan,0.349665581,0.494327341
